episode,timestep,raw_reward
1,500,-224478.84320957013
2,547,-17502.824070492334
