episode,timestep,raw_reward
1,28,-102.89507752226717
2,88,-109.9058992250441
