episode,timestep,raw_reward
1,10,-101.26791098529137
2,17,-102.04736597555805
3,25,-103.39931175431622
4,30,-101.92102544768177
