episode,timestep,raw_reward
1,28,-101.85796246248907
2,45,-101.89738595567759
3,59,-101.51790316617888
4,80,-101.72101357658578
5,94,-101.84387161798159
6,113,-102.25295478462486
7,127,-101.76966868517775
8,150,-101.76801040513213
9,168,-101.82982686989939
10,185,-101.63805176006993
11,205,-101.76296943089743
12,217,-101.71003399515263
13,240,-102.78832036214018
14,257,-102.35348586771019
