episode,timestep,raw_reward
1,14,-111.99245598970796
2,31,-113.2057985202757
3,41,-110.45020755870001
4,48,-113.10515837848392
5,58,-111.08803339996378
6,69,-114.03199330510671
7,87,-128.87160401567195
8,97,-115.27836254273547
9,114,-113.20691760579032
