episode,timestep,raw_reward
1,20,-102.84773253047953
2,50,-3.808470883632848
3,80,-5.272353079702072
4,110,-4.764806703252077
5,140,-1.8411162002632995
6,170,-0.6332646088881234
7,171,-100.37350591105019
8,201,-2.150941886369114
9,231,-0.6356223999799941
10,261,-0.9697777396926659
