episode,timestep,raw_reward
1,19,-101.10222532845157
2,49,-1.9937923000013278
3,60,-100.83766481056365
4,65,-100.4236119310578
