episode,timestep,raw_reward
1,20,-102.30586316211595
2,38,-111.90751895433388
3,68,-17.24428701302697
4,79,-108.58691426740107
5,87,-106.81749903471835
6,98,-108.79020093900839
7,111,-108.98395326110692
8,121,-108.30657573430685
