episode,timestep,raw_reward
1,3,-100.66760155655405
2,4,-100.37333900509735
