episode,timestep,raw_reward
1,30,-0.5274686249720734
2,60,-3.6504297403740673
3,90,-1.3536639947584992
4,114,-105.535924013316
5,144,-0.8042189983121917
6,174,-0.6630895982063982
7,175,-100.40243605363148
