episode,timestep,raw_reward
1,7,-101.79056148934585
2,13,-101.02412062464926
3,18,-101.19106828796912
4,25,-101.62929833949991
5,30,-101.89201574471083
6,34,-102.06859533239411
