episode,timestep,raw_reward
1,14,-113.77731827237258
2,28,-113.39231627720949
3,54,-120.40394215813754
4,74,-136.95311228322623
5,90,-112.24704221844901
6,102,-116.0785053723007
7,124,-121.41121046138481
8,150,-124.90408827324251
9,160,-115.23509955161511
