episode,timestep,raw_reward
1,30,-10.931920516582004
2,58,-110.1984099299094
3,86,-112.09989026385709
4,114,-109.31582906440751
5,129,-102.28450777416936
6,159,-12.059362810220597
7,189,-12.61170153955686
8,219,-5.839533260385215
9,249,-6.491380999969803
10,250,-100.94670354188672
11,280,-10.217273691038333
12,301,-106.93249196983602
13,311,-103.90135726728687
14,320,-103.51074496112759
15,333,-103.64366445809358
16,354,-102.45356261067295
17,384,-1.857221660877875
