episode,timestep,raw_reward
1,82,-1536437.543551627
2,334,-80943.09156638182
3,808,-40182.3012420729
4,914,-11240.518421010653
5,1414,-34591.318759705035
6,1914,-39195.52597725131
7,2064,-19991.332407075184
8,2117,-8337.183593271857
