episode,timestep,raw_reward
1,20,-104.67082106906953
2,28,-475.0727290813276
3,42,-104.41274669290218
4,51,-101.94732368548877
