episode,timestep,raw_reward
1,11,-107.01768326991002
2,20,-104.88727391883002
3,30,-107.3186396115754
4,37,-103.81068611421654
