episode,timestep,raw_reward
1,24,-109.2986401841888
2,38,-102.02749465793629
3,56,-105.09065380064288
4,77,-105.9711977852684
5,94,-102.78717355023873
6,120,-105.76082764296395
7,142,-107.53075262933068
