episode,timestep,raw_reward
1,14,-102.56223326896901
2,34,-102.21574205396199
3,48,-101.83060587309643
4,71,-102.77163714379049
5,87,-101.92774166513422
6,114,-103.0847086891917
7,128,-102.44576364007466
8,153,-102.63995992062718
9,168,-101.95438645330906
