episode,timestep,raw_reward
1,5,-100.75256621732193
2,11,-100.72555047308626
