episode,timestep,raw_reward
1,30,-101.37513998690653
2,49,-100.93116100937142
3,63,-101.18735142430265
4,89,-102.38835128133285
