episode,timestep,raw_reward
1,21,-106.59088695540439
2,30,-105.24731142879973
3,38,-104.66443193456335
