episode,timestep,raw_reward
1,15,-103.53831305637506
2,29,-103.83974311055444
