episode,timestep,raw_reward
1,10,-101.09376340126167
2,19,-101.38940563182334
