episode,timestep,raw_reward
1,25,-105.8402323797153
2,36,-102.40852908085755
3,46,-103.94367124063778
4,57,-103.61057297764351
5,70,-106.29789529866086
6,83,-102.73038433292456
7,99,-106.63879195010705
8,106,-101.5913191443537
9,118,-102.54874050384649
10,131,-105.68462198259148
11,140,-104.0157638055411
12,157,-107.27973741290182
13,167,-102.65252711758328
