episode,timestep,raw_reward
1,14,-102.97640146538626
2,23,-103.3445325178545
3,31,-102.78309872120792
4,41,-104.77540991114746
5,50,-103.137914172366
6,69,-104.90616112000652
7,83,-104.05092685626015
8,90,-101.91085444954726
9,112,-108.65443760997861
10,118,-103.1825107274997
11,126,-101.82298392587197
12,135,-106.10219855679296
