episode,timestep,raw_reward
1,500,-73056.63417975344
2,516,-1549686.1154641309
3,1016,-10304.331680471363
4,1155,-33840.41227968507
5,1197,-23102.401448411387
6,1198,-2505.003757501758
7,1199,-2442.031530177111
8,1200,-3187.3772995459635
