episode,timestep,raw_reward
1,9,-101.69165717284292
2,15,-100.99701138669742
3,23,-101.58429328165745
4,31,-102.9270300431149
