episode,timestep,raw_reward
1,6,-103.36550114397416
2,74,-150.52877667955426
3,91,-113.65631395712319
