episode,timestep,raw_reward
1,60,-102.07655284311444
2,102,-102.78015663051704
3,127,-101.55645514439924
4,169,-101.85894131605687
5,193,-102.55730627390203
6,215,-101.8190058892464
