episode,timestep,raw_reward
1,17,-102.57288560318453
2,34,-102.38640529781594
3,55,-102.38100365995223
4,78,-102.96348982375227
5,92,-102.13446465922664
6,106,-102.09288411452229
7,125,-102.26594057207413
8,146,-102.28691313451884
9,166,-102.42639090488942
10,178,-101.74199120448525
11,197,-101.87721500669919
12,217,-102.00097775403529
13,238,-102.21905315572238
14,256,-102.18369549604137
15,272,-102.77361488048531
