episode,timestep,raw_reward
1,137,-101.95844572652507
2,262,-114.46232726559245
