episode,timestep,raw_reward
1,2,-100.35381557309734
2,5,-100.97133244310281
3,9,-0.13936502764776115
4,12,-100.40153050908391
5,16,-0.29973116952214285
6,19,-100.99024619132217
7,22,-100.54692541377044
8,25,-100.84092482736241
9,27,-100.4771585061497
10,31,-100.64092641381394
11,33,-100.43936103313129
12,37,-0.16023339311462775
13,38,-100.2350456886796
14,41,-100.77793479645096
15,45,-0.1287010075606912
16,46,-100.20614190462778
17,48,-100.86251462759094
