episode,timestep,raw_reward
1,10,-101.32307171368154
2,17,-102.02705497026872
3,24,-101.93666863713743
4,32,-101.73136931176457
5,41,-102.21979338383515
6,49,-101.43536481495285
7,62,-102.25823796365475
8,71,-102.2778936289946
9,81,-101.68495583328465
10,88,-101.50179796113461
11,93,-102.17216740898202
12,98,-101.2089898374083
