episode,timestep,raw_reward
1,1,-100.12423122651956
2,19,-104.00621890204877
3,29,-103.8953752342075
4,34,-101.32492783875212
