episode,timestep,raw_reward
1,119,-88486.35932868277
2,174,-24631.120866388555
3,204,-11098.55652255771
4,229,-13401.259487099576
5,255,-10368.69582442797
6,281,-9448.95440181624
7,331,-13968.190232290774
8,352,-9652.040922938362
9,384,-11221.533269527197
10,407,-5569.827056886051
11,434,-6948.7271348291515
