episode,timestep,raw_reward
1,6,-101.35488306820973
2,12,-101.21766596285548
3,18,-101.34038322664975
4,27,-101.5410462438105
5,38,-102.31116379587684
6,48,-101.37045396195596
7,62,-101.92354339565824
