episode,timestep,raw_reward
1,18,-103.53776803593651
2,23,-102.36697279231475
3,42,-105.60134724873656
4,57,-104.06401508545461
5,69,-102.995953455153
6,79,-102.61372305027761
7,90,-103.45670378750975
8,107,-106.29470707579999
9,124,-104.59757438979604
10,138,-106.97466719231555
11,157,-102.70570248476177
12,164,-102.08239625521806
13,169,-102.03514987908127
14,182,-106.4467030217761
